audio_filepath,image_filepath,Speech to Text,Doctor's Response,output 2,timestamp
.gradio\flagged\audio_filepath\c7fbeea4d339c2e084d3\audio.wav,.gradio\flagged\image_filepath\4cd27b63251850d574f9\rashes.jpg, Hi doctor there is something wrong with my hand there is some redness sort of can you please tell me what is it,"With what you've described, I think you may have a condition called Eczema, which is a common skin condition characterized by redness, itching, and inflammation. It's possible that you may also have contact dermatitis, which is an allergic reaction to something that comes into contact with your skin, causing redness, itching, and swelling. To address this, I recommend avoiding any potential allergens, applying a moisturizer to keep the skin hydrated, and using over-the-counter anti-itch creams as needed. If the symptoms persist or worsen, it's best to schedule an appointment with a dermatologist for a proper diagnosis and treatment plan.",,2025-03-30 23:24:38.933941
.gradio\flagged\audio_filepath\208204725e8a27735f4f\audio.wav,.gradio\flagged\image_filepath\4fe795d6fcba658883f8\rashes.jpg," Hey Doctor, what's wrong with my hand? Kindly tell.","With what I see, I think you have eczema or dermatitis, the redness and rash on your arm are indicative of an allergic reaction or skin irritation. You may need topical corticosteroids to reduce inflammation and itching, and I would also recommend using gentle skin care products and avoiding any potential allergens that could be causing the reaction.",,2025-04-30 11:00:48.494581
.gradio\flagged\audio_filepath\42ebee26844b7ad5acc9\audio.wav,.gradio\flagged\image_filepath\cd100e91bb39e41d4151\acne.jpg, Hey doctor what's wrong with my face? Kindly tell. It's itching and causing some redness sort of on my skin. Kindly tell what has happened.,"With what I see, I think you have a skin condition that appears to be acne, characterized by multiple small red bumps and possible comedones on your cheek, which could be causing the itching and redness you're experiencing. I would suggest trying a gentle skin care routine, using non-comedogenic products, and possibly applying topical creams or ointments containing salicylic acid or benzoyl peroxide to help control the condition.",,2025-04-30 15:10:04.922196
.gradio\flagged\audio_filepath\80004dda21c107585e19\audio.wav,.gradio\flagged\image_filepath\f531b34cbcd5de2ecd79\rashes.jpg, Doctor what happened to my hand? What is this red red thing? Kindly tell please.,"With what I see, I think you have a skin condition known as eczema or atopic dermatitis, which could be caused by allergies, irritants or genetics. I would suggest applying topical corticosteroid creams to reduce inflammation and itching, and also moisturizing the area regularly to soothe and hydrate the skin.",,2025-04-30 15:22:40.990298
.gradio\flagged\audio_filepath\944dec16733c7adc0fe0\audio.wav,.gradio\flagged\image_filepath\938f0ea0aaac0ee6ac4e\rashes.jpg," Hey doctor, what's wrong with my hand? Please tell, what has happened?","With what I see, I think you have a skin irritation or rash on your arm, possibly eczema or contact dermatitis, given the redness and inflamed patches. I would suggest applying a topical corticosteroid cream to reduce inflammation and itching, and also recommend keeping the area moisturized with a gentle lotion, and avoiding any potential allergens or irritants that may have caused the reaction.",,2025-05-06 20:09:03.078785
.gradio\flagged\audio_filepath\36fd8ecd7f95f196e241\audio.wav,.gradio\flagged\image_filepath\3a041ad603e7af51a5c1\acne.jpg, what's wrong with my face what happened to my face,"With what I see, I think you have a severe case of acne on your cheek, which appears to be inflamed and possibly infected. I would suggest some topical creams or gels containing salicylic acid or benzoyl peroxide to help reduce inflammation and fight bacteria, and also consider consulting a dermatologist for further evaluation and possible oral medication if needed.",,2025-05-06 20:11:25.297465
,,,,,2025-05-16 22:45:06.828823
.gradio\flagged\audio_filepath\76da3dc1f479db54bf6e\audio.wav,.gradio\flagged\image_filepath\6b1c0a9968c9575d4b49\ankle.jpeg," Hey doctor, what's wrong with my ankle? Kindly tell.","With what I see, I think you have a possible fracture or stress fracture in your lower leg, specifically in the tibia, which could be causing you pain and discomfort. Based on this, I would suggest some remedies including immobilization of the affected area with a cast or a brace, rest, ice to reduce swelling, and pain management with medication, and further evaluation with an X-ray or MRI to confirm the diagnosis.",,2025-05-16 22:49:06.027873
.gradio\flagged\audio_filepath\672fbccd166bd9252ddd\audio.wav,.gradio\flagged\image_filepath\4ede42221fe8cab98e93\fracture.jpg," Hey Doctor, what's wrong with my leg? Please explain.","With what I see, I think you have a cast on your leg, likely due to a fracture or a severe sprain, and it appears to be properly immobilized. I would suggest keeping the cast dry and clean, elevating your leg to reduce swelling, and following up with your doctor for regular check-ups to ensure proper healing.",,2025-11-19 17:23:08.703101
