TSH,T3,T4,Glucose,HbA1c,Hemoglobin,RBC,Creatinine,Urea,Disease_Label
8.97,0.53,7.0,95.72,5.45,12.88,4.8,1.06,28.45,Thyroid
0.57,1.45,7.25,77.57,4.98,9.24,3.41,0.73,10.55,Anemia
0.58,1.26,10.69,171.0,8.7,13.45,5.35,1.08,33.71,Diabetes
3.3,1.48,9.3,90.39,4.68,8.46,4.0,0.71,28.9,Anemia
5.5,0.59,5.28,84.89,4.86,14.03,4.44,0.82,22.36,Thyroid
0.56,1.01,6.82,99.3,5.18,6.04,3.48,0.79,24.96,Anemia
2.19,1.91,5.4,82.13,5.34,10.44,3.91,0.64,20.93,Anemia
1.63,1.46,8.85,144.61,8.13,15.8,5.44,0.93,36.96,Diabetes
7.18,0.58,5.22,75.54,5.69,12.02,5.05,0.78,33.98,Thyroid
6.75,0.56,5.43,105.21,4.51,13.58,4.44,1.01,24.89,Thyroid
5.48,0.63,5.73,108.47,5.12,12.44,4.65,1.17,34.39,Thyroid
2.49,1.88,6.96,157.17,8.57,15.32,5.29,1.09,34.43,Diabetes
7.96,0.8,4.18,79.5,5.59,12.41,4.72,0.66,30.6,Thyroid
5.58,0.69,5.14,76.59,5.31,12.75,4.7,1.03,35.87,Thyroid
9.25,0.57,4.35,76.53,4.55,14.02,4.31,0.74,36.85,Thyroid
6.07,0.92,6.49,99.71,5.54,13.2,4.71,1.2,17.09,Thyroid
3.82,1.35,10.42,86.48,5.09,7.4,4.0,0.88,33.94,Anemia
2.09,1.07,7.88,96.77,4.08,7.07,3.06,1.12,28.47,Anemia
3.59,1.42,8.16,148.75,7.06,13.48,5.36,1.09,32.47,Diabetes
6.83,0.99,4.77,95.37,4.56,13.18,5.34,0.74,32.05,Thyroid
2.04,1.81,8.75,143.4,7.36,14.57,4.68,1.17,19.33,Diabetes
3.37,1.37,10.18,154.0,6.91,13.15,4.62,0.85,31.72,Diabetes
2.89,1.68,10.31,166.09,8.08,13.73,5.38,0.85,27.49,Diabetes
1.05,1.99,9.03,72.68,4.38,12.15,3.54,2.63,102.97,Kidney Disease
5.93,0.8,5.62,88.2,4.65,13.79,4.79,0.75,33.56,Thyroid
0.59,1.6,9.93,84.5,5.41,12.45,4.13,4.09,57.97,Kidney Disease
3.69,1.32,9.19,153.6,6.71,14.83,5.38,0.9,28.21,Diabetes
5.04,0.81,5.54,70.58,5.4,12.5,5.32,1.05,17.54,Thyroid
1.63,1.03,5.03,80.92,4.02,11.41,4.08,3.99,98.61,Kidney Disease
2.52,1.54,9.9,75.76,5.28,7.83,3.36,1.07,20.29,Anemia
9.65,0.84,4.62,86.75,5.5,13.97,4.4,0.64,36.06,Thyroid
5.11,0.69,4.55,86.49,4.8,14.03,4.7,0.88,23.84,Thyroid
2.91,1.96,8.52,77.67,5.16,12.07,3.82,4.78,74.62,Kidney Disease
1.07,1.56,7.81,75.05,4.42,13.0,4.27,3.89,67.14,Kidney Disease
2.04,1.12,7.81,74.68,5.24,8.01,3.54,0.91,28.78,Anemia
0.72,1.8,6.46,186.01,8.21,14.35,4.93,0.92,44.62,Diabetes
1.34,1.87,5.49,97.36,4.34,6.12,3.62,1.13,34.6,Anemia
3.41,1.26,10.21,142.08,6.88,15.58,4.85,0.82,15.18,Diabetes
3.41,1.62,5.21,80.11,4.28,6.88,3.36,0.75,21.93,Anemia
9.41,0.8,4.33,105.1,5.59,14.83,4.7,0.71,22.41,Thyroid
1.56,1.09,9.7,173.93,8.66,13.63,5.24,0.91,40.21,Diabetes
6.3,0.62,5.96,85.6,5.68,13.03,4.47,0.64,13.65,Thyroid
1.44,1.67,7.16,92.05,4.12,11.67,3.84,3.46,58.56,Kidney Disease
9.44,0.87,4.32,101.1,5.24,14.0,5.08,0.61,31.56,Thyroid
0.95,1.96,10.46,99.07,4.7,11.61,4.2,3.83,73.53,Kidney Disease
0.59,1.31,8.53,161.4,8.64,13.76,5.41,1.3,39.2,Diabetes
1.01,1.47,10.04,156.55,8.24,15.68,5.6,0.99,18.16,Diabetes
1.82,1.89,6.66,90.33,5.03,10.41,4.09,1.14,26.53,Anemia
1.86,1.31,9.11,80.67,4.8,12.85,4.43,2.59,90.08,Kidney Disease
3.28,1.23,10.8,139.69,8.98,14.61,5.04,0.82,26.34,Diabetes
3.08,1.22,5.79,72.95,4.66,7.75,3.43,1.08,26.78,Anemia
2.08,1.04,6.18,161.72,8.96,13.7,5.52,0.82,43.99,Diabetes
6.74,0.6,6.11,82.46,4.88,13.53,4.4,0.78,36.7,Thyroid
1.24,1.99,7.5,96.81,4.31,9.85,4.04,1.04,32.48,Anemia
1.14,1.56,5.39,90.88,4.1,11.35,4.27,2.53,53.23,Kidney Disease
9.25,0.89,6.03,75.79,4.83,12.88,5.09,1.05,28.41,Thyroid
0.58,1.06,8.54,87.56,4.4,9.58,3.28,1.04,25.32,Anemia
1.97,1.78,5.83,174.11,8.58,13.28,4.61,1.0,20.84,Diabetes
3.37,1.64,6.85,99.72,4.55,8.38,3.33,1.05,10.09,Anemia
6.47,0.79,4.93,90.93,4.93,13.11,4.27,0.96,12.16,Thyroid
1.81,1.42,8.32,74.96,4.69,12.25,3.9,4.0,88.87,Kidney Disease
3.02,1.25,9.47,175.53,7.74,15.05,4.73,1.26,28.97,Diabetes
0.87,1.57,8.03,82.78,4.77,7.55,4.06,0.77,13.86,Anemia
2.69,1.44,9.36,94.51,4.76,8.16,3.33,1.11,25.16,Anemia
5.47,0.73,4.09,94.56,4.96,13.46,4.79,1.06,23.7,Thyroid
5.11,0.66,4.5,98.09,4.56,14.14,5.35,1.04,35.7,Thyroid
7.97,0.79,4.39,107.2,4.77,13.26,5.07,1.04,17.83,Thyroid
2.83,1.84,7.35,75.01,4.75,9.77,4.02,1.06,26.34,Anemia
1.03,1.21,7.46,72.37,4.66,12.77,3.72,3.53,82.06,Kidney Disease
3.41,1.77,6.13,70.92,4.68,7.03,3.13,1.19,14.94,Anemia
6.82,0.51,6.07,108.9,5.25,12.3,5.25,0.77,28.31,Thyroid
7.12,0.95,4.8,105.97,5.17,14.59,5.14,0.91,36.56,Thyroid
9.32,0.77,4.51,81.5,4.96,12.67,4.75,0.73,11.76,Thyroid
2.05,1.91,10.43,76.96,4.87,10.39,4.32,4.16,78.58,Kidney Disease
2.98,1.62,5.49,148.57,8.13,13.35,5.73,1.09,24.95,Diabetes
1.58,1.13,8.75,83.01,5.38,10.46,3.96,0.98,11.94,Anemia
3.2,1.45,10.4,90.79,4.58,6.34,3.94,1.11,20.46,Anemia
1.52,1.71,8.88,85.32,5.57,10.88,4.21,4.89,58.87,Kidney Disease
5.25,0.9,4.12,95.02,5.54,13.78,4.84,1.13,24.88,Thyroid
9.83,0.99,4.92,92.9,5.38,14.6,4.78,1.09,23.47,Thyroid
2.67,1.02,9.59,82.68,5.15,6.71,3.58,0.83,14.91,Anemia
2.61,1.85,9.91,185.73,8.37,14.69,4.52,1.03,43.85,Diabetes
3.02,1.65,6.03,83.61,4.31,11.85,4.03,2.04,76.75,Kidney Disease
5.15,0.53,4.04,100.42,4.67,12.27,5.17,1.14,36.64,Thyroid
2.68,1.47,8.4,162.04,8.43,13.48,4.84,1.2,26.57,Diabetes
9.03,0.86,5.93,93.08,5.38,12.13,4.86,1.0,30.16,Thyroid
0.64,1.49,9.38,95.44,5.41,11.86,3.66,3.39,86.74,Kidney Disease
1.72,1.81,9.55,70.96,4.65,10.35,4.02,3.33,61.73,Kidney Disease
3.33,1.71,7.87,88.35,5.27,12.05,3.78,4.19,95.08,Kidney Disease
2.99,1.28,9.23,82.48,4.44,11.16,3.39,0.81,30.77,Anemia
0.56,1.32,10.3,87.32,4.53,6.49,3.63,0.64,13.5,Anemia
9.81,0.95,6.4,84.71,5.3,12.06,5.25,0.85,21.31,Thyroid
9.67,0.78,6.35,86.83,4.89,13.23,4.68,0.75,23.76,Thyroid
0.8,1.12,10.87,70.79,4.07,12.97,3.58,2.39,75.81,Kidney Disease
3.87,1.44,6.27,72.68,5.34,10.52,4.44,2.29,75.66,Kidney Disease
1.23,1.75,10.16,141.47,7.32,14.09,5.61,1.27,19.24,Diabetes
1.3,1.34,5.25,95.31,4.08,10.23,3.55,3.51,69.88,Kidney Disease
3.2,1.6,7.91,75.28,4.96,8.16,3.31,1.16,13.09,Anemia
3.17,1.8,8.26,193.85,8.63,15.29,5.28,0.82,25.65,Diabetes
2.06,1.52,8.54,77.34,5.42,7.2,3.69,0.75,34.14,Anemia
3.57,1.29,7.53,74.36,4.83,11.22,3.55,1.03,21.56,Anemia
1.08,1.47,5.02,76.57,4.04,10.18,3.35,0.9,33.17,Anemia
1.05,1.18,9.14,168.9,6.74,14.42,4.56,0.84,32.91,Diabetes
2.56,1.88,8.1,74.26,4.41,9.87,3.69,1.16,13.99,Anemia
1.6,1.99,9.98,193.55,7.08,13.17,5.45,1.12,38.93,Diabetes
1.88,1.4,9.13,185.51,8.08,13.85,5.13,1.04,37.76,Diabetes
1.72,1.54,10.09,87.94,5.31,9.05,3.77,0.86,17.35,Anemia
5.64,0.71,6.9,86.58,4.84,12.83,4.84,0.8,28.92,Thyroid
3.39,1.94,6.06,97.38,4.16,11.02,3.95,4.83,82.31,Kidney Disease
9.43,0.61,6.53,75.37,5.37,12.16,4.85,0.75,38.27,Thyroid
0.77,1.59,7.02,189.23,7.9,13.24,5.46,0.91,26.83,Diabetes
1.45,1.66,9.82,148.41,7.38,15.32,5.8,0.84,43.51,Diabetes
2.0,1.75,6.28,91.13,4.75,11.11,4.42,4.9,101.94,Kidney Disease
0.8,1.96,8.32,150.8,6.63,13.04,5.16,1.08,44.33,Diabetes
2.22,1.39,9.52,79.86,4.42,9.59,3.74,0.69,10.04,Anemia
1.68,1.13,10.58,87.02,4.01,11.3,4.0,0.85,34.48,Anemia
5.55,0.58,4.82,81.37,5.19,12.35,5.36,1.1,17.15,Thyroid
3.29,1.59,7.37,79.91,4.53,12.85,3.83,2.09,50.74,Kidney Disease
7.78,0.59,6.0,79.41,5.28,14.51,4.84,1.12,25.75,Thyroid
3.71,1.34,6.15,92.31,4.39,12.33,3.74,2.54,69.0,Kidney Disease
5.87,0.78,5.46,105.8,5.52,14.92,5.2,0.63,39.59,Thyroid
2.57,1.06,5.3,77.58,4.86,6.38,3.32,0.72,12.07,Anemia
0.99,1.9,7.3,141.04,7.0,14.32,5.57,0.88,43.35,Diabetes
1.76,1.63,6.36,171.97,8.97,13.04,4.57,1.04,42.76,Diabetes
2.17,1.96,10.82,83.75,4.23,11.03,3.87,2.72,79.71,Kidney Disease
1.32,1.19,10.63,150.59,7.55,13.79,5.67,0.83,29.07,Diabetes
0.85,1.89,7.22,88.27,4.08,7.26,3.78,0.97,31.41,Anemia
8.38,0.54,4.94,81.35,4.71,14.48,4.49,0.66,20.88,Thyroid
6.01,0.68,5.35,93.53,4.74,12.31,4.62,0.91,10.03,Thyroid
2.15,1.91,7.26,85.51,4.47,11.61,4.14,2.06,63.95,Kidney Disease
3.25,1.51,7.15,98.37,4.38,10.58,3.16,0.62,19.68,Anemia
2.23,1.79,7.45,133.69,7.05,15.69,5.5,0.8,34.84,Diabetes
2.09,1.84,7.2,165.81,6.88,13.72,5.06,1.08,17.86,Diabetes
2.89,1.08,7.08,77.14,5.5,10.32,3.32,0.99,16.85,Anemia
0.91,1.67,7.89,81.26,4.22,6.65,3.02,0.97,16.79,Anemia
1.24,1.88,10.44,126.54,8.79,14.8,5.72,0.88,41.54,Diabetes
2.15,1.46,7.74,72.49,4.01,8.89,3.54,0.86,12.39,Anemia
3.51,1.37,9.52,182.93,7.34,13.38,4.74,1.25,43.79,Diabetes
7.12,0.99,6.77,101.85,4.91,14.07,4.99,0.72,30.81,Thyroid
1.8,1.64,9.47,159.75,8.55,13.18,4.53,1.21,17.07,Diabetes
2.81,1.0,7.87,97.04,4.83,8.18,3.06,1.18,12.46,Anemia
1.74,1.47,5.37,137.19,6.55,14.07,5.63,1.17,40.09,Diabetes
0.7,1.87,9.53,80.94,4.33,12.1,4.35,2.15,70.17,Kidney Disease
2.94,1.23,8.87,164.22,7.0,13.6,5.06,0.96,36.48,Diabetes
3.77,1.28,6.32,94.67,4.03,9.33,3.92,0.62,22.28,Anemia
6.35,0.98,6.12,78.17,5.43,13.19,4.66,0.9,11.5,Thyroid
1.83,1.21,5.89,154.27,7.23,13.89,4.78,0.92,33.32,Diabetes
1.87,1.69,10.63,92.68,5.04,11.94,3.77,4.19,58.53,Kidney Disease
7.86,0.64,4.29,83.23,5.45,14.44,4.8,1.19,11.74,Thyroid
1.78,1.14,10.33,158.93,6.57,15.29,5.65,1.16,25.8,Diabetes
3.89,1.53,5.33,156.31,7.93,15.75,5.07,1.06,33.32,Diabetes
5.79,0.88,5.52,100.1,4.92,14.65,4.99,0.74,16.25,Thyroid
8.39,0.81,5.18,92.43,5.4,12.93,4.51,0.81,11.08,Thyroid
9.88,0.64,6.9,108.22,5.21,12.77,5.08,0.9,11.08,Thyroid
3.64,1.12,9.36,171.61,7.29,15.15,5.1,1.22,32.37,Diabetes
2.58,1.43,8.9,193.57,7.15,14.51,5.09,0.99,21.03,Diabetes
3.4,1.96,10.51,71.15,4.22,7.79,3.46,0.73,30.26,Anemia
2.89,1.17,8.13,185.36,6.89,14.9,5.58,0.91,30.07,Diabetes
0.8,1.73,10.47,99.05,4.5,7.95,3.58,0.94,17.48,Anemia
0.41,1.17,5.84,89.41,4.82,10.74,3.86,4.62,76.71,Kidney Disease
3.57,1.18,9.74,80.06,4.37,6.08,3.26,1.09,11.58,Anemia
2.35,1.41,5.31,185.96,7.9,15.93,5.77,0.91,30.38,Diabetes
6.34,0.66,6.42,97.24,4.51,13.3,5.28,1.14,30.41,Thyroid
6.21,0.9,5.38,85.54,4.54,12.93,4.42,0.74,39.31,Thyroid
2.48,1.22,8.71,85.84,4.13,7.5,3.82,1.06,21.82,Anemia
7.45,0.55,5.79,108.95,5.44,13.77,5.07,0.81,14.77,Thyroid
3.68,1.34,7.08,99.84,4.1,12.35,3.84,4.6,78.25,Kidney Disease
3.43,1.56,6.68,168.83,7.34,13.15,4.6,0.96,25.51,Diabetes
7.09,0.86,6.96,100.52,5.62,13.1,5.19,1.14,28.75,Thyroid
2.75,1.47,10.76,189.59,8.72,15.1,5.08,1.28,26.93,Diabetes
3.19,1.47,5.78,98.62,4.52,12.72,3.66,2.25,85.67,Kidney Disease
8.2,0.53,4.16,97.56,5.54,12.27,4.38,1.18,11.3,Thyroid
8.63,0.64,5.87,70.27,5.26,12.08,5.17,1.05,27.66,Thyroid
1.8,1.98,8.76,88.33,4.26,7.83,3.1,1.2,11.53,Anemia
3.25,1.85,9.51,80.49,5.02,11.49,4.44,2.34,70.69,Kidney Disease
1.35,1.64,8.02,99.0,4.87,10.23,4.41,2.53,107.56,Kidney Disease
3.13,1.15,5.88,90.65,4.8,11.83,4.44,4.49,89.4,Kidney Disease
7.33,0.58,4.85,106.64,4.99,14.52,4.63,0.97,24.74,Thyroid
1.28,1.53,8.77,81.33,4.45,10.5,3.65,4.4,106.11,Kidney Disease
2.07,1.96,5.34,93.23,5.14,10.14,3.6,0.62,24.98,Anemia
3.73,1.91,5.81,82.64,4.05,6.03,3.7,0.85,23.05,Anemia
3.56,1.97,8.99,89.6,4.6,11.57,3.9,4.87,60.74,Kidney Disease
1.31,1.37,6.93,95.77,4.22,8.71,3.73,0.98,26.65,Anemia
2.23,1.44,7.62,152.26,8.37,15.55,5.5,1.22,39.16,Diabetes
6.0,0.76,4.86,90.8,5.26,14.86,4.61,0.9,13.33,Thyroid
1.69,1.26,7.39,70.0,4.16,11.23,3.61,1.13,13.4,Anemia
6.73,0.73,5.29,77.85,5.48,12.66,4.58,0.86,35.14,Thyroid
8.8,0.97,5.58,105.53,4.62,12.96,4.3,0.68,32.35,Thyroid
0.62,1.2,6.19,88.92,5.61,11.64,3.93,4.58,77.98,Kidney Disease
1.7,1.94,7.99,77.13,5.46,10.27,4.37,2.33,77.78,Kidney Disease
2.56,1.33,8.94,93.66,4.58,7.08,3.93,0.79,29.37,Anemia
2.48,1.86,8.83,73.88,5.61,10.61,4.16,3.05,56.97,Kidney Disease
2.41,1.78,6.11,89.93,5.21,12.43,4.45,3.98,77.63,Kidney Disease
1.05,1.57,7.74,75.07,5.55,11.28,3.67,2.04,95.64,Kidney Disease
1.67,1.07,10.57,80.86,5.26,11.35,4.21,2.26,55.41,Kidney Disease
3.48,1.28,9.8,151.85,7.13,14.44,5.38,1.23,21.08,Diabetes
0.63,1.42,5.72,93.35,5.15,12.31,3.59,4.83,69.64,Kidney Disease
0.75,1.75,8.14,85.3,5.53,10.46,4.06,2.47,85.69,Kidney Disease
3.17,1.33,6.25,70.31,5.16,11.12,4.06,4.44,102.41,Kidney Disease
3.47,1.49,10.39,80.64,5.15,11.59,3.81,4.76,69.0,Kidney Disease
2.59,1.56,10.88,98.93,4.69,6.3,3.38,0.85,21.15,Anemia
2.11,1.46,7.49,78.12,5.09,10.84,3.75,4.19,54.61,Kidney Disease
1.55,1.08,6.99,78.44,4.77,11.62,3.71,3.78,105.66,Kidney Disease
0.58,1.09,6.31,126.92,7.43,14.58,5.19,1.08,18.35,Diabetes
0.62,1.26,10.58,173.22,7.92,15.92,5.35,1.24,24.22,Diabetes
8.88,0.92,5.32,91.82,5.15,14.73,5.02,0.8,29.27,Thyroid
2.63,1.99,8.92,71.28,4.21,7.84,3.29,0.99,11.52,Anemia
5.6,0.61,4.53,94.63,5.67,12.04,4.75,0.95,35.37,Thyroid
9.02,0.71,6.57,92.34,5.65,13.86,4.83,0.98,30.0,Thyroid
0.85,1.94,8.06,72.7,4.18,10.32,4.03,1.17,11.98,Anemia
3.28,1.24,6.22,70.84,5.02,11.61,4.32,3.67,78.79,Kidney Disease
2.72,1.92,8.76,73.23,5.31,11.96,3.98,3.45,69.95,Kidney Disease
1.14,1.3,10.01,198.01,7.22,14.92,4.71,1.3,16.95,Diabetes
3.04,1.75,6.66,71.64,4.6,7.07,3.41,1.09,10.74,Anemia
3.22,1.69,7.07,188.05,7.03,15.02,4.53,1.28,42.25,Diabetes
9.95,0.91,4.77,79.88,5.61,12.05,4.94,0.67,29.52,Thyroid
5.54,0.5,6.62,83.57,4.75,13.98,4.89,0.65,25.33,Thyroid
2.04,1.52,9.01,83.54,5.46,9.91,3.47,0.87,15.72,Anemia
1.83,1.09,6.05,83.12,4.61,8.19,4.01,0.98,32.7,Anemia
3.99,1.87,8.07,72.03,4.77,8.86,3.47,0.75,11.94,Anemia
8.51,0.71,5.2,84.9,4.82,14.14,5.12,1.1,26.74,Thyroid
2.18,1.01,6.7,87.98,5.5,11.42,4.34,4.92,86.76,Kidney Disease
6.89,0.84,5.86,75.84,5.6,12.6,4.55,0.91,26.15,Thyroid
1.68,1.7,5.04,137.75,8.52,13.39,4.62,1.05,18.93,Diabetes
3.07,1.66,8.78,86.28,4.16,11.77,3.56,4.65,82.65,Kidney Disease
1.27,1.98,7.4,90.34,5.41,12.18,4.35,3.71,98.04,Kidney Disease
7.09,0.58,5.22,97.98,4.84,12.03,4.3,1.17,21.67,Thyroid
2.23,1.38,5.2,74.97,4.89,9.7,3.13,0.7,34.41,Anemia
1.47,1.12,8.72,89.49,4.07,11.87,3.83,3.6,66.7,Kidney Disease
3.78,1.78,6.86,165.43,7.4,13.83,5.52,1.18,24.82,Diabetes
7.95,0.76,5.96,103.01,5.38,14.33,4.72,0.75,36.41,Thyroid
3.01,1.86,10.92,73.16,4.57,9.56,3.02,0.73,25.34,Anemia
3.3,1.87,6.87,90.47,5.16,11.03,4.21,3.73,98.52,Kidney Disease
1.99,1.13,5.84,166.16,8.08,15.95,4.52,1.22,22.08,Diabetes
5.37,0.68,6.74,86.97,5.09,13.68,4.94,1.19,13.76,Thyroid
3.73,1.57,6.79,74.34,5.58,10.04,4.36,2.31,63.98,Kidney Disease
3.52,1.44,7.2,78.98,4.81,10.0,3.91,4.86,63.15,Kidney Disease
3.69,1.73,7.63,198.91,6.83,15.72,5.6,1.22,33.34,Diabetes
6.29,0.88,4.31,94.67,5.45,12.58,5.37,0.66,23.88,Thyroid
2.54,1.17,9.8,78.51,4.31,11.48,4.01,4.2,60.82,Kidney Disease
0.82,1.53,7.63,140.98,7.91,13.02,5.54,1.15,21.76,Diabetes
8.75,0.83,4.93,107.9,5.62,14.77,4.92,0.92,26.52,Thyroid
6.31,0.98,4.14,87.39,5.18,12.55,5.18,0.93,28.18,Thyroid
2.79,1.58,8.22,74.53,4.54,10.21,3.81,0.62,23.29,Anemia
9.39,0.54,5.04,95.8,5.41,12.91,4.33,0.94,32.07,Thyroid
1.31,1.14,6.98,92.54,4.38,10.12,4.49,4.55,66.25,Kidney Disease
3.44,1.76,10.77,73.9,5.27,11.48,3.86,0.82,11.48,Anemia
5.14,0.85,4.12,101.21,4.96,14.0,5.08,0.8,24.98,Thyroid
8.91,0.95,6.81,74.68,4.78,14.45,4.63,1.18,18.7,Thyroid
2.38,1.91,10.33,134.02,7.97,14.55,5.46,1.12,27.15,Diabetes
